Workbook

Sheet 说明
A1: 数据一致性核对模型 | 2026 年 7 月 1 日 – 7 月 31 日
A3: 一、核算公式
A4: ① MTD Cost | B4: =Action Earnings + AF Cost ⟹ Action Earnings = MTD Cost − AF Cost
A5: ② 核减金额 | B5: =AF Cost − (AF Cost + Action Earnings) × 优化目标% = AF Cost − MTD Cost × 优化目标%
A6: ③ AF Cost% | B6: =AF Cost / MTD Cost
A8: 二、账号口径
A9: 6704696 (尾号4696) | B9: CPS 预算 / GMV / 优化目标 10% —— 涉及核减（结果=月末核减）。广告主=ByteC Media LTD。
A10: 6494046 (尾号4046) | B10: CPA 预算 / DNC / 优化目标 15% —— 不涉及核减（结果=-），但影响广告主预算分配。广告主=ByteC-RTA。
A12: 三、颜色图例（用于分析：改蓝色格→全表重算）
A13: 蓝色数字 | B13: 手工录入项 / 可调参数（AF Cost、MTD Cost、优化目标%、SubId2 收益）——分析时改这里
A14: 黑色数字 | B14: 公式计算结果（Action Earnings、AF Cost%、核减金额）——请勿手改
A15: 绿色数字 | B15: 跨工作表引用
A16: 黄色底纹 | B16: 关键假设 / 需人工确认的单元格
A18: 四、工作表
A19: 4696-CPS核算 | B19: ByteC Media LTD 各地区 AF Cost% / MTD / 核减金额（含公式）
A20: 4046-CPA核算 | B20: ByteC-RTA 各地区核算 + 与给定 $32,365 交叉验证
A21: SubId2明细-4696 | B21: 图2 平台原始数据，按 SubId2 归集并分 TH/PH/SEA 桶
A22: 一致性核对 | B22: 三方交叉核对与 SEA 大盘分摊反推、差异定位

Sheet 4696-CPS核算
A1: 4696-CPS核算
A2: Region | B2: Partner Name | C2: Partner ID | D2: Partner Type | E2: 优化目标% | F2: AF Cost | G2: MTD Cost | H2: Action Earnings | I2: AF Cost% | J2: 核减/超标金额 | K2: 结果
A3: TH | B3: ByteC Media LTD | C3: 6704696 | D3: GMV | E3: 0.1 | F3: 1065 | G3: 9444 | H3: =G3-F3 | I3: =IF(G3=0,0,F3/G3) | J3: =F3-G3*E3 | K3: 月末核减
A4: PH | B4: ByteC Media LTD | C4: 6704696 | D4: GMV | E4: 0.1 | F4: 1183 | G4: 5630 | H4: =G4-F4 | I4: =IF(G4=0,0,F4/G4) | J4: =F4-G4*E4 | K4: 月末核减
A5: 合计 | F5: =SUM(F3:F4) | G5: =SUM(G3:G4) | H5: =SUM(H3:H4) | I5: =IF(G5=0,0,F5/G5) | J5: =SUM(J3:J4)
A7: 说明： | B7: AF Cost 与 MTD Cost 为原汇总表录入项（蓝）；Action Earnings、AF Cost%、核减金额为公式（黑）。注意：本表 MTD 为原汇总表口径；与平台 SubId2 归集的地区 AE 存在差异，详见「一致性核对」③。

Sheet 4046-CPA核算
A1: 4046-CPA核算
A2: Region | B2: Partner Name | C2: Partner ID | D2: Partner Type | E2: 优化目标% | F2: AF Cost | G2: MTD Cost | H2: Action Earnings | I2: AF Cost% | J2: 核减/超标金额 | K2: 结果
A3: TH | B3: ByteC-RTA | C3: 6494046 | D3: DNC | E3: 0.15 | F3: 3925 | G3: 36290 | H3: =G3-F3 | I3: =IF(G3=0,0,F3/G3) | J3: =F3-G3*E3 | K3: -
A4: PH | B4: ByteC-RTA | C4: 6494046 | D4: DNC | E4: 0.15 | F4: 12 | G4: 12 | H4: =G4-F4 | I4: =IF(G4=0,0,F4/G4) | J4: =F4-G4*E4 | K4: -
A5: MY | B5: ByteC-RTA | C5: 6494046 | D5: DNC | E5: 0.15 | F5: 6 | G5: 6 | H5: =G5-F5 | I5: =IF(G5=0,0,F5/G5) | J5: =F5-G5*E5 | K5: -
A6: VN | B6: ByteC-RTA | C6: 6494046 | D6: DNC | E6: 0.15 | F6: 4 | G6: 4 | H6: =G6-F6 | I6: =IF(G6=0,0,F6/G6) | J6: =F6-G6*E6 | K6: -
A7: 合计 | F7: =SUM(F3:F6) | G7: =SUM(G3:G6) | H7: =SUM(H3:H6) | I7: =IF(G7=0,0,F7/G7) | J7: =SUM(J3:J6)
A9: 交叉验证
A10: 给定 7月4046 Action Earnings | H10: 32365
A11: 模型合计 Action Earnings | H11: =H7
A12: 差异 | H12: =H11-H10 | I12: =IF(ABS(H12)<0.5,"✅ 一致","⚠️ 不一致")

Sheet SubId2明细-4696
A1: SubId2 明细（图2 · ByteC Media LTD · Tiktok Shop SEA · Jul 2026）
A2: SubId2 | B2: Region归属 | C2: Raw Clicks | D2: Actions | E2: Sale Amount | F2: Action Earnings
A3: MP_s_TTS-impact-SEA-cps-PDP_s_TH | B3: TH | C3: 205329 | D3: 109699 | E3: 501349.81 | F3: 5536.86
A4: MP_s_TTS-impact-SEA-cps-PDP_s_PH | B4: PH | C4: 389904 | D4: 109848 | E4: 395658.56 | F4: 3102.46
A5: NX_s_TTS_s_TH | B5: TH | C5: 94894 | D5: 39105 | E5: 152164.39 | F5: 1701.37
A6: Xmob_s_TTS-impact-SEA-cps-PDP_s_PH | B6: PH | C6: 311634 | D6: 33320 | E6: 129644.56 | F6: 1172.17
A7: Xmob_s_TTS-impact-SEA-cps-PDP_s_TH | B7: TH | C7: 162372 | D7: 14209 | E7: 68108.96 | F7: 759.17
A8: KCAJ_s_TTS_s_TH | B8: TH | C8: 96706 | D8: 7078 | E8: 33246.99 | F8: 425.73
A9: KCAJ_s_TTS_s_PH | B9: PH | C9: 12 | D9: 3860 | E9: 9446.7 | F9: 145.46
A10: Bidmatrix_s_TTS_s_TH | B10: TH | C10: 57845 | D10: 4329 | E10: 17993.87 | F10: 95.51
A11: Bidmatrix_s_TTS_s_PH | B11: PH | C11: 32752 | D11: 4685 | E11: 13169.98 | F11: 8.45
A12: 平台合计 | C12: =SUM(C3:C11) | D12: =SUM(D3:D11) | E12: =SUM(E3:E11) | F12: =SUM(F3:F11)
A14: 按地区分桶（Action Earnings）
A15: （更新图：所有 SubId2 均带国家后缀 _TH/_PH，可直接按国家归集，无需再拆 SEA）
A16: TH 合计 | F16: =SUMIF($B$3:$B$11,"TH",$F$3:$F$11)
A17: PH 合计 | F17: =SUMIF($B$3:$B$11,"PH",$F$3:$F$11)
A18: 合计（应=平台合计） | F18: =SUM(F16:F17)

Sheet 一致性核对
A1: 一致性核对与差异定位
A3: ① 4046（CPA）—— 各地区 Action Earnings vs 给定 $32,365
A4: 模型合计 Action Earnings | C4: ='4046-CPA核算'!H7
A5: 给定值 | C5: 32365
A6: 差异 | C6: =C4-C5 | D6: =IF(ABS(C6)<0.5,"✅ 完全一致","⚠️ 不一致")
A8: ② 4696（CPS）—— 平台合计 vs 汇总表 TH+PH 总额
A9: 平台合计 Action Earnings（图2） | C9: ='SubId2明细-4696'!F12
A10: 汇总表 TH+PH（=MTD−AF） | C10: ='4696-CPS核算'!H5
A11: 总额差异 | C11: =C9-C10 | D11: 总额约差 $121，但需看到分地区才知问题
A13: ③ 4696 分地区核对（更新图：SubId2 已带 _TH/_PH 后缀，可精确归集）★核心
A14: 地区 | B14: 汇总表 AE(=MTD−AF) | C14: 平台 AE(SubId2) | D14: AE 差异 | E14: 校正 MTD(=平台AE+AF) | F14: 校正核减(AF−校正MTD×10%) | G14: 汇总表核减 | H14: 核减差异
A15: TH | B15: ='4696-CPS核算'!H3 | C15: ='SubId2明细-4696'!F16 | D15: =B15-C15 | E15: =C15+'4696-CPS核算'!F3 | F15: ='4696-CPS核算'!F3-E15*'4696-CPS核算'!E3 | G15: ='4696-CPS核算'!J3 | H15: =G15-F15
A16: PH | B16: ='4696-CPS核算'!H4 | C16: ='SubId2明细-4696'!F17 | D16: =B16-C16 | E16: =C16+'4696-CPS核算'!F4 | F16: ='4696-CPS核算'!F4-E16*'4696-CPS核算'!E4 | G16: ='4696-CPS核算'!J4 | H16: =G16-F16
A17: 合计 | B17: =SUM(B15:B16) | C17: =SUM(C15:C16) | D17: =SUM(D15:D16) | F17: =SUM(F15:F16) | G17: =SUM(G15:G16) | H17: =SUM(H15:H16)
A19: 读法： | B19: 「AE 差异」「核减差异」非 0 即为不一致。汇总表用的地区 AE 与平台 SubId2 归集不符，应以平台 AE 重算 MTD 与核减（见「校正」两列）。
A21: ④ 结论（基于更新图）
A22: 4046（CPA） | B22: ✅ 一致 | C22: 各地区AE合计=$32,365.00 精确吻合；公式全部对得上。
A23: 4696 总额 | B23: ✅ 可对平 | C23: 平台合计$12,947.20；SubId2按_TH/_PH归集 TH=$8,518.64 + PH=$4,428.54 =$12,947.18。
A24: 4696 分地区 | B24: ⚠️ 不一致 | C24: 汇总表 TH AE=8,379 vs 平台8,518.64（差−139.64）；PH AE=4,447 vs 平台4,428.54（差+18.46）。
A25: 4696 核减金额 | B25: ⚠️ 需更正 | C25: 以平台AE重算：TH核减≈$107（原$121，多算约$14）、PH核减≈$622（原$620，少算约$2）。
A27: 建议
A28: 1. 4696 的 TH/PH Action Earnings 应直接采用平台 SubId2 按 _TH/_PH 后缀归集的值（TH $8,518.64 / PH $4,428.54），据此重算 MTD 与核减金额。
A29: 2. 复核汇总表 4696 的 MTD（TH 9,444 / PH 5,630）来源：与平台校正值（TH 9,583.64 / PH 5,611.54）不符，可能 MTD 中「商家&平台佣金」口径或取数时点与 Action Earnings 不一致。
A30: 3. 表中若干 $1 级尾差（如4046 PH/VN的AF超标显示11/4）源于小额数据显示取整，非逻辑错误。
